,Amount,Width,Height,Roi.X1,Roi.Y1,Roi.X2,Roi.Y2,ClassId,Path
0,1,267,400,98,62,208,232,4,Train/road0.png
1,1,400,283,154,63,258,281,4,Train/road1.png
2,1,400,267,106,3,244,263,4,Train/road10.png
3,1,400,385,35,5,363,326,3,Train/road100.png
4,1,400,200,195,7,392,194,3,Train/road101.png
5,1,400,267,37,38,243,245,3,Train/road102.png
6,1,400,301,89,25,297,272,3,Train/road103.png
7,1,400,364,48,14,344,345,3,Train/road104.png
8,1,300,400,27,146,281,377,3,Train/road105.png
9,1,267,400,101,150,163,226,3,Train/road106.png
10,1,320,400,90,37,233,232,3,Train/road107.png
11,1,400,246,174,128,186,139,3,Train/road108.png
12,1,400,267,243,120,276,150,3,Train/road109.png
13,2,400,300,188,98,207,132,4,Train/road11.png
14,2,400,300,317,172,331,200,4,Train/road11.png
15,1,400,267,196,10,377,181,3,Train/road110.png
16,1,400,267,35,92,101,159,3,Train/road111.png
17,1,400,267,137,12,272,152,3,Train/road112.png
18,1,400,274,171,38,307,186,3,Train/road113.png
19,1,400,247,254,32,319,102,3,Train/road114.png
20,1,400,225,141,63,244,161,3,Train/road115.png
21,1,400,225,310,29,369,79,3,Train/road116.png
22,1,400,225,224,32,289,103,3,Train/road117.png
23,1,400,267,182,12,394,224,3,Train/road118.png
24,1,400,267,225,31,337,144,3,Train/road119.png
25,2,320,400,136,92,155,133,4,Train/road12.png
26,2,320,400,294,97,318,135,4,Train/road12.png
27,1,400,283,79,20,230,229,3,Train/road120.png
28,1,400,301,157,25,379,250,3,Train/road121.png
29,1,254,400,20,24,209,237,1,Train/road122.png
30,1,400,302,151,73,271,195,1,Train/road123.png
31,4,332,400,68,125,205,275,1,Train/road124.png
32,4,332,400,230,117,331,284,4,Train/road124.png
33,4,332,400,178,298,258,397,4,Train/road124.png
34,4,332,400,265,298,332,398,4,Train/road124.png
35,1,267,400,15,26,168,157,1,Train/road125.png
36,1,268,400,102,80,174,179,1,Train/road126.png
37,3,400,265,268,56,312,101,1,Train/road127.png
38,3,400,265,359,24,376,59,4,Train/road127.png
39,3,400,265,379,21,394,58,4,Train/road127.png
40,1,400,267,216,51,341,191,1,Train/road128.png
41,2,400,267,111,76,211,171,1,Train/road129.png
42,2,400,267,230,42,295,212,4,Train/road129.png
43,1,267,400,75,74,195,348,4,Train/road13.png
44,2,400,281,162,30,181,50,1,Train/road130.png
45,2,400,281,305,131,329,154,1,Train/road130.png
46,3,400,267,156,8,177,31,1,Train/road131.png
47,3,400,267,298,119,319,143,1,Train/road131.png
48,3,400,267,23,156,30,165,4,Train/road131.png
49,1,400,300,184,23,243,82,1,Train/road132.png
50,1,400,235,103,51,220,168,1,Train/road133.png
51,1,400,273,196,48,337,219,1,Train/road134.png
52,1,400,247,218,75,363,164,1,Train/road135.png
53,2,400,267,299,71,334,113,1,Train/road136.png
54,2,400,267,118,117,125,130,4,Train/road136.png
55,1,400,269,207,38,334,165,1,Train/road137.png
56,1,400,300,170,68,227,125,1,Train/road138.png
57,1,400,252,107,39,323,222,1,Train/road139.png
58,1,267,400,153,202,221,347,4,Train/road14.png
59,1,400,267,110,81,150,121,1,Train/road140.png
60,1,400,225,147,74,244,163,1,Train/road141.png
61,1,266,400,88,98,204,222,1,Train/road142.png
62,1,267,400,32,73,148,191,1,Train/road143.png
63,1,400,244,103,19,328,210,1,Train/road144.png
64,1,400,228,132,29,264,166,1,Train/road145.png
65,1,400,166,137,17,264,142,1,Train/road146.png
66,1,400,228,129,27,259,161,1,Train/road147.png
67,1,400,300,213,59,299,184,1,Train/road148.png
68,1,400,222,123,36,277,158,1,Train/road149.png
69,1,400,267,186,102,227,157,4,Train/road15.png
70,1,400,293,181,55,296,175,1,Train/road150.png
71,1,400,266,147,37,266,186,1,Train/road151.png
72,1,400,225,125,37,276,185,1,Train/road152.png
73,1,400,337,111,0,346,299,1,Train/road153.png
74,2,400,227,357,82,378,100,1,Train/road154.png
75,2,400,227,84,107,94,119,1,Train/road154.png
76,1,400,400,45,109,191,236,1,Train/road155.png
77,2,400,267,180,0,389,206,1,Train/road156.png
78,2,400,267,105,93,158,211,4,Train/road156.png
79,1,300,400,198,65,234,100,3,Train/road157.png
80,1,300,400,168,112,225,170,1,Train/road158.png
81,1,300,400,155,148,229,225,3,Train/road159.png
82,2,400,248,225,43,241,82,4,Train/road16.png
83,2,400,248,106,106,118,127,4,Train/road16.png
84,3,300,400,180,190,235,248,1,Train/road160.png
85,3,300,400,141,267,148,276,1,Train/road160.png
86,3,300,400,180,89,233,137,2,Train/road160.png
87,1,300,400,178,50,230,102,3,Train/road161.png
88,1,300,400,129,191,158,229,3,Train/road162.png
89,1,300,400,28,155,176,307,3,Train/road163.png
90,1,300,400,123,132,176,202,4,Train/road164.png
91,1,300,400,119,83,174,162,1,Train/road165.png
92,1,300,400,53,177,114,241,1,Train/road166.png
93,2,300,400,84,159,136,234,1,Train/road167.png
94,2,300,400,85,22,144,120,2,Train/road167.png
95,1,300,400,170,172,203,206,1,Train/road168.png
96,1,300,400,55,193,104,255,3,Train/road169.png
97,1,267,400,104,119,144,171,4,Train/road17.png
98,4,300,400,170,183,203,214,1,Train/road170.png
99,4,300,400,87,168,114,217,4,Train/road170.png
100,4,300,400,207,168,225,221,4,Train/road170.png
101,4,300,400,142,232,149,239,1,Train/road170.png
102,1,300,400,138,209,165,245,1,Train/road171.png
103,1,300,400,134,168,152,186,3,Train/road172.png
104,1,300,400,55,93,136,176,3,Train/road173.png
105,1,300,400,154,83,198,132,3,Train/road174.png
106,1,300,400,172,180,225,237,3,Train/road175.png
107,2,300,400,117,74,193,182,1,Train/road176.png
108,2,300,400,36,92,90,249,4,Train/road176.png
109,1,300,400,101,19,197,135,3,Train/road177.png
110,1,300,400,52,134,115,201,1,Train/road178.png
111,5,300,400,193,140,202,161,4,Train/road179.png
112,5,300,400,235,179,243,199,4,Train/road179.png
113,5,300,400,32,181,40,200,4,Train/road179.png
114,5,300,400,42,183,49,201,4,Train/road179.png
115,5,300,400,248,180,254,192,1,Train/road179.png
116,1,320,400,90,39,217,280,4,Train/road18.png
117,1,300,400,79,76,165,197,1,Train/road180.png
118,1,300,400,225,154,248,177,3,Train/road181.png
119,1,300,400,85,136,103,154,3,Train/road182.png
120,3,300,400,163,143,208,191,1,Train/road183.png
121,3,300,400,96,160,111,176,1,Train/road183.png
122,3,300,400,128,155,145,203,4,Train/road183.png
123,1,300,400,177,137,258,216,3,Train/road184.png
124,1,300,400,183,174,194,191,2,Train/road185.png
125,1,300,400,192,168,220,197,1,Train/road186.png
126,1,300,400,179,180,206,207,1,Train/road187.png
127,1,300,400,61,171,138,252,3,Train/road188.png
128,2,300,400,91,122,141,179,1,Train/road189.png
129,2,300,400,157,202,172,225,1,Train/road189.png
130,1,267,400,99,104,119,157,4,Train/road19.png
131,1,300,400,85,133,131,181,1,Train/road190.png
132,1,300,400,178,169,209,205,3,Train/road191.png
133,1,300,400,133,223,205,300,3,Train/road192.png
134,2,300,400,110,110,163,166,1,Train/road193.png
135,2,300,400,45,59,90,150,4,Train/road193.png
136,2,300,400,83,162,155,239,1,Train/road194.png
137,2,300,400,193,220,224,300,4,Train/road194.png
138,1,300,400,135,177,189,250,4,Train/road195.png
139,1,300,400,132,94,204,164,3,Train/road196.png
140,1,300,400,209,132,243,168,3,Train/road197.png
141,1,300,400,74,240,108,276,3,Train/road198.png
142,1,300,400,62,117,96,153,3,Train/road199.png
143,1,306,400,144,270,174,352,4,Train/road2.png
144,1,320,400,131,135,190,271,4,Train/road20.png
145,4,300,400,52,195,108,257,1,Train/road200.png
146,4,300,400,134,241,156,304,4,Train/road200.png
147,4,300,400,201,320,210,349,4,Train/road200.png
148,4,300,400,213,324,220,349,4,Train/road200.png
149,1,300,400,109,174,180,245,3,Train/road201.png
150,1,300,400,161,196,209,244,3,Train/road202.png
151,1,300,400,176,145,226,193,3,Train/road203.png
152,1,300,400,127,125,236,233,1,Train/road204.png
153,1,300,400,149,178,259,287,1,Train/road205.png
154,1,300,400,90,137,115,174,3,Train/road206.png
155,2,300,400,176,184,197,206,3,Train/road207.png
156,2,300,400,33,214,75,255,1,Train/road207.png
157,1,300,400,121,103,200,190,3,Train/road208.png
158,1,300,400,93,144,172,231,3,Train/road209.png
159,5,300,400,135,53,154,91,4,Train/road21.png
160,5,300,400,82,169,97,199,4,Train/road21.png
161,5,300,400,162,57,186,105,4,Train/road21.png
162,5,300,400,97,172,108,198,4,Train/road21.png
163,5,300,400,134,96,153,110,4,Train/road21.png
164,1,300,400,179,135,199,156,3,Train/road210.png
165,1,300,400,164,176,194,206,3,Train/road211.png
166,1,300,400,149,198,160,209,3,Train/road212.png
167,1,300,400,88,146,101,159,3,Train/road213.png
168,1,300,400,127,166,145,185,3,Train/road214.png
169,1,300,400,111,125,135,150,3,Train/road215.png
170,1,300,400,138,193,157,211,3,Train/road216.png
171,1,300,400,168,163,191,185,3,Train/road217.png
172,1,300,400,164,190,175,199,3,Train/road218.png
173,1,300,400,131,181,143,191,3,Train/road219.png
174,3,321,400,108,43,150,182,4,Train/road22.png
175,3,321,400,54,47,105,149,4,Train/road22.png
176,3,321,400,146,228,284,370,2,Train/road22.png
177,1,300,400,125,154,139,169,3,Train/road220.png
178,1,300,400,131,185,154,208,3,Train/road221.png
179,1,300,400,154,188,168,201,3,Train/road222.png
180,1,300,400,137,165,159,187,3,Train/road223.png
181,1,300,400,146,192,159,205,3,Train/road224.png
182,1,300,400,162,212,172,222,3,Train/road225.png
183,3,300,400,134,175,156,197,3,Train/road226.png
184,3,300,400,164,176,187,198,3,Train/road226.png
185,3,300,400,230,131,282,183,1,Train/road226.png
186,2,300,400,141,181,153,193,3,Train/road227.png
187,2,300,400,157,183,168,194,3,Train/road227.png
188,2,300,400,156,179,172,196,3,Train/road228.png
189,2,300,400,176,179,191,195,3,Train/road228.png
190,2,300,400,120,171,140,191,3,Train/road229.png
191,2,300,400,146,171,167,191,3,Train/road229.png
192,1,266,400,216,126,242,179,4,Train/road23.png
193,2,300,400,124,193,138,207,3,Train/road230.png
194,2,300,400,142,193,156,207,3,Train/road230.png
195,2,300,400,128,195,149,216,3,Train/road231.png
196,2,300,400,153,195,173,214,3,Train/road231.png
197,2,300,400,127,221,142,234,3,Train/road232.png
198,2,300,400,144,222,156,234,3,Train/road232.png
199,2,300,400,124,194,143,214,3,Train/road233.png
200,2,300,400,147,196,163,213,3,Train/road233.png
201,2,300,400,142,249,153,260,3,Train/road234.png
202,2,300,400,156,248,167,260,3,Train/road234.png
203,2,300,400,136,227,151,241,3,Train/road235.png
204,2,300,400,120,227,134,242,3,Train/road235.png
205,2,300,400,143,152,151,162,3,Train/road236.png
206,2,300,400,155,153,164,163,3,Train/road236.png
207,2,300,400,125,158,140,174,3,Train/road237.png
208,2,300,400,144,159,157,173,3,Train/road237.png
209,2,300,400,134,151,151,168,3,Train/road238.png
210,2,300,400,154,152,170,168,3,Train/road238.png
211,1,300,400,176,229,185,238,3,Train/road239.png
212,1,267,400,70,174,128,286,4,Train/road24.png
213,2,300,400,109,209,124,223,3,Train/road240.png
214,2,300,400,125,209,138,223,3,Train/road240.png
215,2,300,400,136,200,155,218,3,Train/road241.png
216,2,300,400,156,201,175,220,3,Train/road241.png
217,2,300,400,119,162,149,192,3,Train/road242.png
218,2,300,400,150,163,178,193,3,Train/road242.png
219,2,300,400,138,239,150,250,3,Train/road243.png
220,2,300,400,152,239,163,250,3,Train/road243.png
221,2,300,400,155,212,174,231,3,Train/road244.png
222,2,300,400,176,212,193,230,3,Train/road244.png
223,2,300,400,137,196,158,218,3,Train/road245.png
224,2,300,400,161,197,182,217,3,Train/road245.png
225,1,300,400,152,167,182,198,3,Train/road246.png
226,2,300,400,139,218,156,236,3,Train/road247.png
227,2,300,400,141,245,158,261,3,Train/road247.png
228,2,300,400,167,205,192,229,3,Train/road248.png
229,2,300,400,170,243,193,268,3,Train/road248.png
230,1,300,400,145,239,156,251,3,Train/road249.png
231,3,400,267,261,109,275,141,4,Train/road25.png
232,3,400,267,288,114,299,141,4,Train/road25.png
233,3,400,267,320,137,337,172,4,Train/road25.png
234,1,300,400,138,234,157,253,3,Train/road250.png
235,1,300,400,199,190,229,222,3,Train/road251.png
236,1,300,400,165,203,180,218,3,Train/road252.png
237,1,300,400,128,87,187,144,3,Train/road253.png
238,1,300,400,108,73,156,121,3,Train/road254.png
239,1,300,400,101,67,150,116,3,Train/road255.png
240,1,300,400,151,94,207,149,3,Train/road256.png
241,1,300,400,129,165,147,183,3,Train/road257.png
242,1,300,400,136,131,176,173,3,Train/road258.png
243,1,300,400,139,65,214,138,3,Train/road259.png
244,2,268,400,57,88,101,224,4,Train/road26.png
245,2,268,400,101,86,142,217,4,Train/road26.png
246,1,300,400,128,128,196,203,3,Train/road260.png
247,1,300,400,201,61,236,101,3,Train/road261.png
248,1,300,400,105,142,132,169,3,Train/road262.png
249,1,300,400,122,137,188,210,3,Train/road263.png
250,1,300,400,136,152,194,210,3,Train/road264.png
251,1,300,400,140,237,172,273,3,Train/road265.png
252,1,300,400,133,110,174,154,3,Train/road266.png
253,1,300,400,99,119,136,157,3,Train/road267.png
254,1,300,400,94,127,124,158,3,Train/road268.png
255,1,300,400,136,111,218,192,3,Train/road269.png
256,2,267,400,89,157,118,226,4,Train/road27.png
257,2,267,400,61,162,91,234,4,Train/road27.png
258,3,300,400,91,126,139,175,2,Train/road270.png
259,3,300,400,200,233,257,318,4,Train/road270.png
260,3,300,400,237,228,272,278,1,Train/road270.png
261,1,300,400,127,170,172,215,3,Train/road271.png
262,4,300,400,123,179,159,216,2,Train/road272.png
263,4,300,400,206,261,251,325,4,Train/road272.png
264,4,300,400,235,258,265,295,1,Train/road272.png
265,4,300,400,228,344,246,365,1,Train/road272.png
266,1,300,400,112,190,147,225,3,Train/road273.png
267,1,300,400,165,272,220,330,3,Train/road274.png
268,3,300,400,243,268,300,375,4,Train/road275.png
269,3,300,400,100,133,162,196,2,Train/road275.png
270,3,300,400,289,265,300,328,1,Train/road275.png
271,1,300,400,109,139,130,159,3,Train/road276.png
272,1,300,400,167,101,227,160,3,Train/road277.png
273,4,300,400,109,161,149,202,2,Train/road278.png
274,4,300,400,200,252,249,322,4,Train/road278.png
275,4,300,400,230,247,258,285,1,Train/road278.png
276,4,300,400,217,347,234,366,1,Train/road278.png
277,1,300,400,128,106,244,221,3,Train/road279.png
278,3,400,229,171,2,188,34,4,Train/road28.png
279,3,400,229,273,57,291,90,4,Train/road28.png
280,3,400,229,259,60,273,91,4,Train/road28.png
281,1,300,400,91,168,135,213,3,Train/road280.png
282,2,300,400,126,139,169,184,3,Train/road281.png
283,2,300,400,27,377,50,399,1,Train/road281.png
284,3,300,400,133,161,167,193,3,Train/road282.png
285,3,300,400,75,337,94,358,1,Train/road282.png
286,3,300,400,84,363,97,377,1,Train/road282.png
287,1,300,400,187,220,241,279,3,Train/road283.png
288,1,300,400,111,133,165,187,3,Train/road284.png
289,3,300,400,120,135,155,171,3,Train/road285.png
290,3,300,400,40,310,52,322,3,Train/road285.png
291,3,300,400,35,322,43,338,4,Train/road285.png
292,1,300,400,107,135,177,204,3,Train/road286.png
293,3,300,400,147,99,193,146,3,Train/road287.png
294,3,300,400,47,320,58,331,3,Train/road287.png
295,3,300,400,39,331,48,347,4,Train/road287.png
296,1,300,400,101,172,136,207,3,Train/road288.png
297,2,300,400,61,140,146,227,2,Train/road289.png
298,2,300,400,259,325,299,398,4,Train/road289.png
299,2,400,267,116,45,219,117,4,Train/road29.png
300,2,400,267,94,104,191,153,4,Train/road29.png
301,1,300,400,105,157,171,224,3,Train/road290.png
302,1,300,400,124,186,170,234,3,Train/road291.png
303,3,300,400,143,85,197,141,3,Train/road292.png
304,3,300,400,10,364,20,384,4,Train/road292.png
305,3,300,400,19,351,32,365,3,Train/road292.png
306,1,300,400,96,247,150,306,3,Train/road293.png
307,1,300,400,137,102,232,197,3,Train/road294.png
308,1,300,400,126,117,141,132,3,Train/road295.png
309,1,300,400,62,214,114,273,3,Train/road296.png
310,1,300,400,221,176,252,211,3,Train/road297.png
311,1,300,400,156,163,188,197,3,Train/road298.png
312,1,300,400,97,184,178,264,3,Train/road299.png
313,1,400,300,178,134,236,261,4,Train/road3.png
314,1,400,267,40,6,101,121,4,Train/road30.png
315,2,300,400,134,117,205,218,1,Train/road300.png
316,2,300,400,73,172,110,280,4,Train/road300.png
317,1,300,400,114,168,168,221,3,Train/road301.png
318,2,300,400,154,137,183,167,2,Train/road302.png
319,2,300,400,158,167,187,198,3,Train/road302.png
320,1,300,400,48,50,187,196,2,Train/road303.png
321,1,300,400,79,184,111,216,3,Train/road304.png
322,1,300,400,88,58,236,281,3,Train/road305.png
323,1,300,400,61,100,157,198,2,Train/road306.png
324,2,300,400,93,100,161,200,1,Train/road307.png
325,2,300,400,32,158,71,267,4,Train/road307.png
326,1,300,400,97,132,137,172,3,Train/road308.png
327,2,300,400,125,86,195,155,3,Train/road309.png
328,2,300,400,126,172,197,242,1,Train/road309.png
329,2,400,300,213,128,243,196,4,Train/road31.png
330,2,400,300,173,127,205,197,4,Train/road31.png
331,1,300,400,157,171,204,224,3,Train/road310.png
332,2,300,400,38,88,156,205,3,Train/road311.png
333,2,300,400,41,231,159,348,1,Train/road311.png
334,1,300,400,7,36,167,267,3,Train/road312.png
335,1,300,400,126,132,199,206,3,Train/road313.png
336,3,300,400,115,168,172,225,3,Train/road314.png
337,3,300,400,38,272,63,298,3,Train/road314.png
338,3,300,400,17,332,53,368,1,Train/road314.png
339,2,300,400,56,238,73,256,1,Train/road315.png
340,2,300,400,122,168,156,202,3,Train/road315.png
341,3,300,400,115,138,181,202,3,Train/road316.png
342,3,300,400,16,270,41,294,3,Train/road316.png
343,3,300,400,0,334,33,371,1,Train/road316.png
344,2,300,400,116,161,201,245,3,Train/road317.png
345,2,300,400,108,86,186,163,2,Train/road317.png
346,2,300,400,68,211,165,307,1,Train/road318.png
347,2,300,400,66,92,163,188,3,Train/road318.png
348,3,300,400,127,189,171,234,3,Train/road319.png
349,3,300,400,85,251,114,296,4,Train/road319.png
350,3,300,400,154,285,169,302,1,Train/road319.png
351,1,267,400,48,33,194,356,4,Train/road32.png
352,1,300,400,158,215,207,264,3,Train/road320.png
353,3,300,400,134,172,176,212,3,Train/road321.png
354,3,300,400,73,286,101,315,1,Train/road321.png
355,3,300,400,95,232,110,253,3,Train/road321.png
356,1,300,400,104,149,150,212,3,Train/road322.png
357,2,300,400,136,204,220,288,3,Train/road323.png
358,2,300,400,131,128,208,204,2,Train/road323.png
359,1,300,400,145,206,214,274,1,Train/road324.png
360,2,300,400,99,165,151,218,3,Train/road325.png
361,2,300,400,40,248,70,294,4,Train/road325.png
362,1,300,400,160,50,242,128,3,Train/road326.png
363,2,300,400,92,173,153,234,3,Train/road327.png
364,2,300,400,16,282,50,331,4,Train/road327.png
365,1,300,400,91,111,177,200,3,Train/road328.png
366,1,300,400,115,150,215,249,3,Train/road329.png
367,1,267,400,23,6,178,387,4,Train/road33.png
368,1,300,400,86,108,129,152,3,Train/road330.png
369,2,300,400,102,112,161,171,3,Train/road331.png
370,2,300,400,102,183,160,242,1,Train/road331.png
371,1,300,400,60,160,165,263,3,Train/road332.png
372,1,300,400,151,223,212,286,3,Train/road333.png
373,1,300,400,110,169,142,202,3,Train/road334.png
374,1,300,400,107,132,146,170,3,Train/road335.png
375,1,300,400,113,181,155,222,3,Train/road336.png
376,1,300,400,110,198,222,311,3,Train/road337.png
377,1,300,400,78,284,155,363,3,Train/road338.png
378,1,300,400,92,46,206,163,2,Train/road339.png
379,1,267,400,21,4,177,386,4,Train/road34.png
380,1,300,400,95,280,160,346,3,Train/road340.png
381,2,300,400,145,156,176,189,3,Train/road341.png
382,2,300,400,122,349,131,365,1,Train/road341.png
383,1,300,400,149,1,267,96,3,Train/road342.png
384,1,300,400,121,141,167,186,3,Train/road343.png
385,1,300,400,122,208,179,265,3,Train/road344.png
386,1,300,400,90,287,185,381,3,Train/road345.png
387,1,300,400,87,207,152,273,3,Train/road346.png
388,2,300,400,128,117,155,145,3,Train/road347.png
389,2,300,400,97,187,119,209,1,Train/road347.png
390,1,300,400,173,133,239,209,3,Train/road348.png
391,1,300,400,77,247,181,359,3,Train/road349.png
392,1,400,257,77,83,189,123,4,Train/road35.png
393,1,300,400,90,180,173,263,3,Train/road350.png
394,1,300,400,111,112,191,190,3,Train/road351.png
395,1,300,400,100,130,148,177,3,Train/road352.png
396,1,300,400,103,166,162,228,3,Train/road353.png
397,1,300,400,80,109,170,199,2,Train/road354.png
398,1,300,400,95,122,151,175,3,Train/road355.png
399,1,300,400,110,67,209,166,2,Train/road356.png
400,1,300,400,81,90,203,210,3,Train/road357.png
401,2,300,400,92,194,124,226,3,Train/road358.png
402,2,300,400,27,294,37,313,1,Train/road358.png
403,1,300,400,88,202,116,230,3,Train/road359.png
404,3,400,267,51,108,98,205,4,Train/road36.png
405,3,400,267,104,93,145,204,4,Train/road36.png
406,3,400,267,147,104,174,202,4,Train/road36.png
407,1,300,400,75,184,119,228,3,Train/road360.png
408,2,300,400,102,139,154,192,3,Train/road361.png
409,2,300,400,102,203,156,257,1,Train/road361.png
410,1,300,400,82,164,151,232,3,Train/road362.png
411,1,300,400,172,75,293,198,3,Train/road363.png
412,1,300,400,89,171,154,235,3,Train/road364.png
413,1,300,400,105,155,158,207,3,Train/road365.png
414,1,300,400,77,100,136,156,3,Train/road366.png
415,2,300,400,111,151,149,189,3,Train/road367.png
416,2,300,400,36,267,48,289,1,Train/road367.png
417,1,300,400,76,166,128,217,3,Train/road368.png
418,1,300,400,106,140,160,194,3,Train/road369.png
419,1,267,400,116,103,156,230,4,Train/road37.png
420,1,300,400,110,166,157,214,3,Train/road370.png
421,1,300,400,67,219,152,301,3,Train/road371.png
422,1,300,400,88,168,150,231,3,Train/road372.png
423,1,300,400,110,157,149,196,3,Train/road373.png
424,1,300,400,86,135,151,200,2,Train/road374.png
425,1,300,400,81,213,156,287,3,Train/road375.png
426,1,300,400,39,193,136,289,3,Train/road376.png
427,1,300,400,118,173,153,208,3,Train/road377.png
428,1,300,400,75,168,200,294,3,Train/road378.png
429,1,300,400,174,145,211,182,3,Train/road379.png
430,2,400,267,31,0,83,102,4,Train/road38.png
431,2,400,267,273,136,334,243,4,Train/road38.png
432,1,300,400,105,2,175,90,3,Train/road380.png
433,1,300,400,126,157,166,195,3,Train/road381.png
434,1,300,400,110,139,160,186,3,Train/road382.png
435,1,300,400,125,219,156,249,3,Train/road383.png
436,1,300,400,107,160,145,197,3,Train/road384.png
437,1,300,400,105,150,150,195,3,Train/road385.png
438,1,300,400,134,154,195,214,3,Train/road386.png
439,1,300,400,124,125,153,154,3,Train/road387.png
440,1,300,400,143,137,177,170,3,Train/road388.png
441,1,300,400,178,100,221,143,3,Train/road389.png
442,1,320,400,89,9,218,366,4,Train/road39.png
443,1,300,400,199,63,253,115,3,Train/road390.png
444,1,300,400,232,29,297,93,3,Train/road391.png
445,1,300,400,146,203,177,233,3,Train/road392.png
446,1,300,400,147,255,180,289,3,Train/road393.png
447,1,300,400,167,188,206,227,3,Train/road394.png
448,1,300,400,163,198,210,243,3,Train/road395.png
449,1,300,400,103,197,160,254,3,Train/road396.png
450,1,300,400,128,55,222,148,3,Train/road397.png
451,1,300,400,171,233,204,266,3,Train/road398.png
452,1,300,400,93,173,133,212,3,Train/road399.png
453,3,267,400,20,109,81,237,4,Train/road4.png
454,3,267,400,116,162,163,272,4,Train/road4.png
455,3,267,400,189,189,233,295,4,Train/road4.png
456,3,267,400,49,4,77,74,4,Train/road40.png
457,3,267,400,106,16,132,88,4,Train/road40.png
458,3,267,400,160,28,185,97,4,Train/road40.png
459,1,300,400,166,203,212,248,3,Train/road400.png
460,1,300,400,163,190,221,247,3,Train/road401.png
461,1,300,400,109,247,144,281,3,Train/road402.png
462,1,300,400,107,164,171,230,3,Train/road403.png
463,1,300,400,48,220,134,319,3,Train/road404.png
464,1,300,400,150,262,174,286,3,Train/road405.png
465,1,300,400,111,233,139,260,3,Train/road406.png
466,1,300,400,167,219,179,230,3,Train/road407.png
467,1,300,400,146,171,165,191,3,Train/road408.png
468,1,300,400,130,146,155,171,3,Train/road409.png
469,2,267,400,186,1,218,75,4,Train/road41.png
470,2,267,400,92,141,116,183,4,Train/road41.png
471,1,300,400,145,112,177,143,3,Train/road410.png
472,1,300,400,119,77,162,119,3,Train/road411.png
473,1,300,400,160,191,186,217,3,Train/road412.png
474,1,300,400,146,184,180,218,3,Train/road413.png
475,1,300,400,167,222,211,266,3,Train/road414.png
476,1,300,400,153,203,217,268,3,Train/road415.png
477,1,300,400,67,98,148,180,3,Train/road416.png
478,1,300,400,126,179,161,214,3,Train/road417.png
479,1,300,400,135,197,179,241,3,Train/road418.png
480,1,300,400,41,176,91,227,3,Train/road419.png
481,2,267,400,177,184,221,297,4,Train/road42.png
482,2,267,400,131,188,178,289,4,Train/road42.png
483,1,300,400,128,215,191,277,3,Train/road420.png
484,1,300,400,116,160,195,239,3,Train/road421.png
485,1,300,400,98,206,116,223,3,Train/road422.png
486,1,300,400,101,180,141,219,3,Train/road423.png
487,1,300,400,57,220,103,265,3,Train/road424.png
488,1,300,400,85,198,140,253,3,Train/road425.png
489,1,300,400,84,110,151,176,3,Train/road426.png
490,1,300,400,95,162,176,244,3,Train/road427.png
491,1,300,400,63,102,173,216,3,Train/road428.png
492,1,300,400,97,218,135,256,3,Train/road429.png
493,5,400,267,10,93,24,124,4,Train/road43.png
494,5,400,267,90,86,105,116,4,Train/road43.png
495,5,400,267,175,81,191,112,4,Train/road43.png
496,5,400,267,262,129,276,151,4,Train/road43.png
497,5,400,267,329,127,340,149,4,Train/road43.png
498,1,300,400,176,238,224,286,3,Train/road430.png
499,1,300,400,24,212,82,271,3,Train/road431.png
500,1,300,400,142,191,165,214,3,Train/road432.png
501,1,300,400,92,206,130,243,3,Train/road433.png
502,1,300,400,98,232,146,280,3,Train/road434.png
503,1,300,400,9,203,69,263,3,Train/road435.png
504,1,300,400,164,144,243,224,3,Train/road436.png
505,1,300,400,165,245,201,280,3,Train/road437.png
506,1,300,400,33,261,76,303,3,Train/road438.png
507,1,300,400,50,290,102,342,3,Train/road439.png
508,2,268,400,95,50,115,95,4,Train/road44.png
509,2,268,400,190,86,208,125,4,Train/road44.png
510,1,300,400,63,221,122,280,3,Train/road440.png
511,1,300,400,117,117,189,191,3,Train/road441.png
512,1,300,400,91,138,119,165,3,Train/road442.png
513,1,300,400,103,148,141,186,3,Train/road443.png
514,1,300,400,146,122,190,166,3,Train/road444.png
515,1,300,400,86,107,140,163,3,Train/road445.png
516,1,300,400,124,110,190,179,3,Train/road446.png
517,1,300,400,109,183,132,204,3,Train/road447.png
518,1,300,400,81,186,111,216,3,Train/road448.png
519,1,300,400,93,176,129,213,3,Train/road449.png
520,1,267,400,150,78,193,177,4,Train/road45.png
521,1,300,400,120,155,165,201,3,Train/road450.png
522,1,300,400,97,148,154,203,3,Train/road451.png
523,1,300,400,94,164,167,238,3,Train/road452.png
524,1,300,400,92,147,176,235,3,Train/road453.png
525,1,300,400,100,233,127,263,3,Train/road454.png
526,1,300,400,164,184,199,221,3,Train/road455.png
527,1,300,400,101,182,152,235,3,Train/road456.png
528,1,300,400,157,138,217,201,3,Train/road457.png
529,1,300,400,67,116,139,189,3,Train/road458.png
530,3,300,400,111,142,177,210,3,Train/road459.png
531,3,300,400,158,313,216,383,1,Train/road459.png
532,3,300,400,104,300,146,398,4,Train/road459.png
533,1,267,400,71,174,131,278,4,Train/road46.png
534,3,300,400,149,311,228,390,1,Train/road460.png
535,3,300,400,91,297,138,399,4,Train/road460.png
536,3,300,400,99,125,170,200,3,Train/road460.png
537,3,300,400,97,184,175,263,3,Train/road461.png
538,3,300,400,154,381,240,400,1,Train/road461.png
539,3,300,400,93,367,143,400,4,Train/road461.png
540,3,300,400,151,319,237,399,1,Train/road462.png
541,3,300,400,87,305,138,400,4,Train/road462.png
542,3,300,400,91,115,171,199,3,Train/road462.png
543,3,300,400,100,70,182,155,3,Train/road463.png
544,3,300,400,161,279,251,367,1,Train/road463.png
545,3,300,400,96,265,150,400,4,Train/road463.png
546,3,300,400,152,262,209,319,1,Train/road464.png
547,3,300,400,112,127,166,182,3,Train/road464.png
548,3,300,400,109,253,144,347,4,Train/road464.png
549,3,300,400,126,259,192,326,1,Train/road465.png
550,3,300,400,81,249,119,354,4,Train/road465.png
551,3,300,400,85,108,146,167,3,Train/road465.png
552,3,300,400,66,59,152,142,3,Train/road466.png
553,3,300,400,128,263,217,351,1,Train/road466.png
554,3,300,400,68,246,122,392,4,Train/road466.png
555,1,300,400,146,171,169,194,3,Train/road467.png
556,1,300,400,150,217,190,258,3,Train/road468.png
557,1,300,400,129,183,176,230,3,Train/road469.png
558,1,400,268,223,25,337,267,4,Train/road47.png
559,1,300,400,67,188,126,248,3,Train/road470.png
560,1,300,400,51,157,128,232,3,Train/road471.png
561,1,300,400,0,198,95,307,3,Train/road472.png
562,1,300,400,92,112,237,257,3,Train/road473.png
563,1,300,400,145,176,187,216,3,Train/road474.png
564,1,300,400,48,154,97,203,3,Train/road475.png
565,1,300,400,68,165,128,224,3,Train/road476.png
566,1,300,400,79,147,147,214,3,Train/road477.png
567,1,300,400,114,76,198,160,3,Train/road478.png
568,1,300,400,30,50,134,151,3,Train/road479.png
569,2,267,400,179,182,226,300,4,Train/road48.png
570,2,267,400,128,187,180,290,4,Train/road48.png
571,1,300,400,86,34,222,168,3,Train/road480.png
572,3,300,400,90,230,144,284,3,Train/road481.png
573,3,300,400,206,269,280,349,1,Train/road481.png
574,3,300,400,267,194,299,368,4,Train/road481.png
575,2,300,400,104,168,168,232,3,Train/road482.png
576,2,300,400,263,194,300,290,1,Train/road482.png
577,1,300,400,9,181,91,262,3,Train/road483.png
578,1,300,400,54,122,165,228,3,Train/road484.png
579,1,300,400,47,125,181,254,3,Train/road485.png
580,1,300,400,124,175,149,199,3,Train/road486.png
581,1,300,400,156,154,189,186,3,Train/road487.png
582,1,300,400,182,125,220,164,3,Train/road488.png
583,1,300,400,130,143,177,188,3,Train/road489.png
584,2,400,284,84,34,124,117,4,Train/road49.png
585,2,400,284,134,121,151,154,4,Train/road49.png
586,1,300,400,133,123,183,171,3,Train/road490.png
587,1,300,400,140,131,202,191,3,Train/road491.png
588,1,300,400,110,137,182,208,3,Train/road492.png
589,1,300,400,74,98,167,189,3,Train/road493.png
590,1,300,400,82,96,208,223,3,Train/road494.png
591,2,300,400,129,200,190,260,1,Train/road495.png
592,2,300,400,94,206,127,301,4,Train/road495.png
593,1,300,400,47,165,72,201,3,Train/road496.png
594,1,300,400,101,161,130,198,3,Train/road497.png
595,1,300,400,86,130,118,171,3,Train/road498.png
596,1,300,400,161,170,214,235,3,Train/road499.png
597,1,267,400,46,30,221,292,4,Train/road5.png
598,1,267,400,136,102,155,154,4,Train/road50.png
599,1,300,400,141,178,201,253,3,Train/road500.png
600,1,300,400,75,147,140,232,3,Train/road501.png
601,1,300,400,222,78,298,177,3,Train/road502.png
602,1,300,400,107,196,145,236,3,Train/road503.png
603,1,300,400,92,230,139,277,3,Train/road504.png
604,1,300,400,92,230,149,287,3,Train/road505.png
605,1,300,400,57,234,129,305,3,Train/road506.png
606,1,300,400,63,158,150,244,3,Train/road507.png
607,1,300,400,55,130,165,238,3,Train/road508.png
608,1,300,400,129,165,167,202,3,Train/road509.png
609,1,395,400,190,137,248,263,4,Train/road51.png
610,1,300,400,89,201,133,245,3,Train/road510.png
611,1,300,400,114,160,169,213,3,Train/road511.png
612,1,300,400,141,170,166,195,3,Train/road512.png
613,1,300,400,160,161,186,187,3,Train/road513.png
614,1,300,400,176,148,206,177,3,Train/road514.png
615,1,300,400,180,131,213,163,3,Train/road515.png
616,1,300,400,84,133,163,210,3,Train/road516.png
617,1,300,400,114,141,199,225,3,Train/road517.png
618,1,300,400,157,165,184,191,3,Train/road518.png
619,1,300,400,159,175,187,202,3,Train/road519.png
620,1,300,400,42,166,246,367,2,Train/road52.png
621,1,300,400,167,140,214,186,3,Train/road520.png
622,1,300,400,177,151,228,200,3,Train/road521.png
623,1,300,400,127,170,159,203,3,Train/road522.png
624,1,300,400,98,170,134,207,3,Train/road523.png
625,1,300,400,114,192,156,234,3,Train/road524.png
626,1,300,400,96,187,140,230,3,Train/road525.png
627,1,300,400,143,167,192,217,3,Train/road526.png
628,1,300,400,103,178,152,230,3,Train/road527.png
629,2,300,400,86,191,134,244,3,Train/road528.png
630,2,300,400,0,1,168,87,1,Train/road528.png
631,1,300,400,170,151,249,249,3,Train/road529.png
632,1,400,290,9,110,140,240,2,Train/road53.png
633,2,300,400,80,172,93,185,3,Train/road530.png
634,2,300,400,169,236,178,246,1,Train/road530.png
635,5,300,400,208,176,232,201,3,Train/road531.png
636,5,300,400,229,211,241,225,1,Train/road531.png
637,5,300,400,184,219,193,231,1,Train/road531.png
638,5,300,400,155,214,167,226,1,Train/road531.png
639,5,300,400,93,216,105,227,1,Train/road531.png
640,4,300,400,65,306,84,328,1,Train/road532.png
641,4,300,400,196,304,210,323,1,Train/road532.png
642,4,300,400,115,319,128,336,1,Train/road532.png
643,4,300,400,172,216,223,267,3,Train/road532.png
644,4,300,400,154,238,212,297,3,Train/road533.png
645,4,300,400,78,363,94,381,1,Train/road533.png
646,4,300,400,165,348,179,366,1,Train/road533.png
647,4,300,400,27,348,49,372,1,Train/road533.png
648,3,300,400,14,386,36,399,1,Train/road534.png
649,3,300,400,158,384,174,399,1,Train/road534.png
650,3,300,400,174,242,243,312,3,Train/road534.png
651,1,300,400,100,254,180,334,3,Train/road535.png
652,2,300,400,179,179,273,272,3,Train/road536.png
653,2,300,400,88,393,107,400,1,Train/road536.png
654,1,300,400,68,212,100,244,3,Train/road537.png
655,1,300,400,115,169,149,205,3,Train/road538.png
656,1,300,400,164,256,200,292,3,Train/road539.png
657,1,300,400,43,60,258,273,2,Train/road54.png
658,1,300,400,145,271,183,309,3,Train/road540.png
659,1,300,400,93,205,134,246,3,Train/road541.png
660,2,300,400,100,285,144,324,3,Train/road542.png
661,2,300,400,60,343,69,356,1,Train/road542.png
662,2,300,400,78,227,124,272,3,Train/road543.png
663,2,300,400,36,290,49,303,1,Train/road543.png
664,3,300,400,148,276,202,330,1,Train/road544.png
665,3,300,400,92,323,128,360,1,Train/road544.png
666,3,300,400,107,223,145,260,3,Train/road544.png
667,3,300,400,77,198,122,241,3,Train/road545.png
668,3,300,400,140,245,209,314,1,Train/road545.png
669,3,300,400,56,315,100,359,1,Train/road545.png
670,3,300,400,180,212,260,292,1,Train/road546.png
671,3,300,400,71,305,119,354,1,Train/road546.png
672,3,300,400,95,172,143,221,3,Train/road546.png
673,3,300,400,100,150,157,206,3,Train/road547.png
674,3,300,400,225,170,299,270,1,Train/road547.png
675,3,300,400,71,304,120,357,1,Train/road547.png
676,2,300,400,60,314,132,391,1,Train/road548.png
677,2,300,400,109,96,188,175,3,Train/road548.png
678,2,300,400,125,82,218,173,3,Train/road549.png
679,2,300,400,67,343,155,400,1,Train/road549.png
680,1,400,267,113,88,201,179,2,Train/road55.png
681,1,300,400,124,169,181,226,3,Train/road550.png
682,1,300,400,111,210,171,272,3,Train/road551.png
683,1,300,400,133,157,202,225,3,Train/road552.png
684,1,300,400,122,232,194,304,3,Train/road553.png
685,2,300,400,87,257,142,311,3,Train/road554.png
686,2,300,400,0,354,20,387,1,Train/road554.png
687,1,300,400,54,257,121,324,3,Train/road555.png
688,1,300,400,116,268,193,343,3,Train/road556.png
689,1,300,400,52,127,140,214,3,Train/road557.png
690,1,300,400,139,295,245,400,3,Train/road558.png
691,2,300,400,147,186,184,223,3,Train/road559.png
692,2,300,400,146,226,184,262,1,Train/road559.png
693,1,300,400,98,95,216,211,2,Train/road56.png
694,2,300,400,145,254,189,298,1,Train/road560.png
695,2,300,400,147,211,188,252,3,Train/road560.png
696,2,300,400,57,210,105,258,3,Train/road561.png
697,2,300,400,55,262,106,312,1,Train/road561.png
698,2,300,400,73,275,130,332,1,Train/road562.png
699,2,300,400,75,219,128,272,3,Train/road562.png
700,2,300,400,131,208,194,269,3,Train/road563.png
701,2,300,400,130,272,195,335,1,Train/road563.png
702,2,300,400,141,305,217,382,1,Train/road564.png
703,2,300,400,143,231,217,302,3,Train/road564.png
704,1,300,400,132,238,184,291,3,Train/road565.png
705,1,300,400,77,238,127,289,3,Train/road566.png
706,1,300,400,116,246,166,299,3,Train/road567.png
707,1,300,400,101,240,149,292,3,Train/road568.png
708,1,300,400,136,257,184,310,3,Train/road569.png
709,1,300,400,24,35,284,274,2,Train/road57.png
710,1,300,400,104,271,152,322,3,Train/road570.png
711,1,300,400,110,281,156,333,3,Train/road571.png
712,2,300,400,55,212,128,289,3,Train/road572.png
713,2,300,400,54,294,128,375,1,Train/road572.png
714,2,300,400,69,315,163,399,1,Train/road573.png
715,2,300,400,65,214,159,308,3,Train/road573.png
716,2,300,400,86,202,206,327,3,Train/road574.png
717,2,300,400,92,333,211,400,1,Train/road574.png
718,2,300,400,67,119,105,155,3,Train/road575.png
719,2,300,400,67,157,108,197,1,Train/road575.png
720,2,300,400,57,154,99,195,1,Train/road576.png
721,2,300,400,57,114,95,150,3,Train/road576.png
722,2,300,400,201,100,240,137,3,Train/road577.png
723,2,300,400,201,140,243,181,1,Train/road577.png
724,2,300,400,223,134,270,180,1,Train/road578.png
725,2,300,400,223,92,265,133,3,Train/road578.png
726,1,300,400,172,157,198,183,1,Train/road579.png
727,1,400,301,58,24,331,295,2,Train/road58.png
728,3,300,400,174,154,213,192,1,Train/road580.png
729,3,300,400,269,259,277,270,1,Train/road580.png
730,3,300,400,171,266,179,276,1,Train/road580.png
731,1,300,400,101,117,144,161,1,Train/road581.png
732,3,300,400,185,228,201,270,4,Train/road582.png
733,3,300,400,97,124,114,168,4,Train/road582.png
734,3,300,400,201,245,224,269,1,Train/road582.png
735,3,300,400,218,230,250,265,1,Train/road583.png
736,3,300,400,66,55,87,114,4,Train/road583.png
737,3,300,400,196,204,219,267,4,Train/road583.png
738,1,300,400,145,161,175,190,3,Train/road584.png
739,1,300,400,129,108,170,148,3,Train/road585.png
740,1,300,400,121,59,180,115,3,Train/road586.png
741,1,300,400,125,197,147,218,3,Train/road587.png
742,1,300,400,93,204,117,228,3,Train/road588.png
743,1,300,400,101,171,131,200,3,Train/road589.png
744,1,400,301,181,57,376,246,2,Train/road59.png
745,1,300,400,67,181,105,218,3,Train/road590.png
746,1,300,400,10,200,57,246,3,Train/road591.png
747,1,300,400,44,133,106,195,3,Train/road592.png
748,1,300,400,74,66,151,142,3,Train/road593.png
749,1,300,400,160,1,277,109,3,Train/road594.png
750,1,300,400,125,152,153,179,3,Train/road595.png
751,2,300,400,134,138,168,172,3,Train/road596.png
752,2,300,400,119,180,140,205,1,Train/road596.png
753,2,300,400,99,131,141,174,3,Train/road597.png
754,2,300,400,70,188,101,218,1,Train/road597.png
755,2,300,400,35,216,74,255,1,Train/road598.png
756,2,300,400,94,124,151,179,3,Train/road598.png
757,1,300,400,98,51,204,155,3,Train/road599.png
758,1,267,400,95,153,176,327,4,Train/road6.png
759,1,400,400,9,9,392,392,2,Train/road60.png
760,1,300,400,136,207,155,226,3,Train/road600.png
761,1,300,400,129,191,155,216,3,Train/road601.png
762,1,300,400,88,195,118,225,3,Train/road602.png
763,1,300,400,90,147,127,185,3,Train/road603.png
764,1,300,400,76,94,123,142,3,Train/road604.png
765,1,300,400,73,93,137,157,3,Train/road605.png
766,1,300,400,77,44,172,138,3,Train/road606.png
767,1,300,400,186,186,232,231,3,Train/road607.png
768,2,300,400,77,305,107,337,3,Train/road608.png
769,2,300,400,49,318,77,343,1,Train/road608.png
770,2,300,400,57,222,92,259,3,Train/road609.png
771,2,300,400,14,237,44,266,1,Train/road609.png
772,1,400,301,52,28,346,297,2,Train/road61.png
773,1,300,400,12,234,60,285,3,Train/road610.png
774,1,300,400,74,180,131,242,3,Train/road611.png
775,1,300,400,91,246,164,325,3,Train/road612.png
776,1,300,400,154,192,180,220,3,Train/road613.png
777,1,300,400,251,82,299,143,3,Train/road614.png
778,2,300,400,121,193,136,208,3,Train/road615.png
779,2,300,400,61,204,71,215,1,Train/road615.png
780,2,300,400,115,161,135,180,3,Train/road616.png
781,2,300,400,37,182,47,192,1,Train/road616.png
782,2,300,400,127,170,152,195,3,Train/road617.png
783,2,300,400,15,203,26,214,1,Train/road617.png
784,1,300,400,133,166,167,200,3,Train/road618.png
785,1,300,400,131,147,183,202,3,Train/road619.png
786,1,267,400,126,113,215,201,2,Train/road62.png
787,1,300,400,123,222,150,250,3,Train/road620.png
788,1,300,400,92,273,121,303,3,Train/road621.png
789,1,300,400,68,92,100,125,3,Train/road622.png
790,1,300,400,100,203,137,241,3,Train/road623.png
791,1,300,400,94,136,135,178,3,Train/road624.png
792,1,300,400,78,131,128,180,3,Train/road625.png
793,1,300,400,103,142,162,202,3,Train/road626.png
794,1,300,400,96,148,169,221,3,Train/road627.png
795,1,300,400,53,123,144,214,3,Train/road628.png
796,1,300,400,146,96,250,203,3,Train/road629.png
797,1,400,301,132,29,333,254,2,Train/road63.png
798,1,300,400,127,144,154,171,2,Train/road630.png
799,1,300,400,146,137,178,168,2,Train/road631.png
800,1,300,400,96,167,132,203,2,Train/road632.png
801,1,300,400,98,107,137,145,2,Train/road633.png
802,1,300,400,123,83,168,128,2,Train/road634.png
803,1,300,400,97,101,150,154,2,Train/road635.png
804,1,300,400,52,29,119,94,2,Train/road636.png
805,1,300,400,122,88,211,175,2,Train/road637.png
806,2,300,400,194,154,219,178,3,Train/road638.png
807,2,300,400,88,197,101,210,3,Train/road638.png
808,2,300,400,139,230,182,272,3,Train/road639.png
809,2,300,400,13,300,31,319,3,Train/road639.png
810,1,400,301,55,11,382,278,2,Train/road64.png
811,2,300,400,210,105,258,153,3,Train/road640.png
812,2,300,400,62,184,82,204,3,Train/road640.png
813,1,300,400,98,71,158,130,3,Train/road641.png
814,1,300,400,97,178,177,257,3,Train/road642.png
815,1,300,400,80,182,112,214,3,Train/road643.png
816,1,300,400,147,157,213,222,3,Train/road644.png
817,1,300,400,67,142,148,223,3,Train/road645.png
818,1,300,400,0,270,108,380,3,Train/road646.png
819,2,300,400,143,157,158,172,3,Train/road647.png
820,2,300,400,273,127,293,148,1,Train/road647.png
821,1,300,400,152,186,173,207,3,Train/road648.png
822,1,300,400,127,155,154,183,3,Train/road649.png
823,1,268,400,75,119,203,245,2,Train/road65.png
824,1,300,400,126,110,162,147,3,Train/road650.png
825,1,300,400,177,113,221,160,3,Train/road651.png
826,3,300,400,135,174,153,191,3,Train/road652.png
827,3,300,400,80,182,93,196,3,Train/road652.png
828,3,300,400,99,165,116,183,1,Train/road652.png
829,3,300,400,161,219,181,240,3,Train/road653.png
830,3,300,400,93,230,108,246,3,Train/road653.png
831,3,300,400,117,211,136,229,1,Train/road653.png
832,3,300,400,114,189,138,212,3,Train/road654.png
833,3,300,400,32,199,49,217,3,Train/road654.png
834,3,300,400,62,178,84,200,1,Train/road654.png
835,3,300,400,78,214,98,234,3,Train/road655.png
836,3,300,400,179,198,206,223,3,Train/road655.png
837,3,300,400,114,189,138,212,1,Train/road655.png
838,3,300,400,72,155,99,181,1,Train/road656.png
839,3,300,400,151,162,181,194,3,Train/road656.png
840,3,300,400,31,185,51,206,3,Train/road656.png
841,3,300,400,53,208,76,231,3,Train/road657.png
842,3,300,400,194,182,229,217,3,Train/road657.png
843,3,300,400,101,176,131,204,1,Train/road657.png
844,3,300,400,82,173,115,205,1,Train/road658.png
845,3,300,400,197,176,238,217,3,Train/road658.png
846,3,300,400,21,211,47,237,3,Train/road658.png
847,2,300,400,164,189,214,239,3,Train/road659.png
848,2,300,400,9,190,48,228,1,Train/road659.png
849,1,400,301,95,23,311,227,2,Train/road66.png
850,1,300,400,132,189,193,250,3,Train/road660.png
851,1,300,400,116,217,192,296,3,Train/road661.png
852,1,300,400,77,152,125,199,3,Train/road662.png
853,1,300,400,103,214,160,271,3,Train/road663.png
854,1,300,400,85,200,157,273,3,Train/road664.png
855,1,300,400,55,302,145,395,3,Train/road665.png
856,1,300,400,111,219,221,336,3,Train/road666.png
857,1,300,400,166,191,190,215,3,Train/road667.png
858,2,300,400,157,177,188,208,3,Train/road668.png
859,2,300,400,153,293,161,303,1,Train/road668.png
860,2,300,400,56,319,65,330,1,Train/road669.png
861,2,300,400,114,170,155,212,3,Train/road669.png
862,1,400,270,112,64,259,216,2,Train/road67.png
863,1,300,400,129,145,189,205,3,Train/road670.png
864,2,300,400,161,176,178,193,3,Train/road671.png
865,2,300,400,75,202,84,211,2,Train/road671.png
866,1,300,400,183,162,216,196,3,Train/road672.png
867,1,300,400,90,169,109,189,2,Train/road673.png
868,2,300,400,157,159,180,183,2,Train/road674.png
869,2,300,400,64,198,72,206,3,Train/road674.png
870,2,300,400,22,217,31,226,3,Train/road675.png
871,2,300,400,149,166,178,196,2,Train/road675.png
872,1,300,400,155,151,193,190,2,Train/road676.png
873,1,300,400,123,200,153,232,3,Train/road677.png
874,1,300,400,142,187,177,225,3,Train/road678.png
875,1,300,400,135,178,176,222,3,Train/road679.png
876,1,300,400,30,27,272,249,2,Train/road68.png
877,1,300,400,156,123,203,175,3,Train/road680.png
878,2,300,400,139,250,177,287,3,Train/road681.png
879,2,300,400,0,271,20,292,1,Train/road681.png
880,1,300,400,100,212,148,260,3,Train/road682.png
881,1,300,400,86,204,140,259,3,Train/road683.png
882,1,300,400,92,231,159,297,3,Train/road684.png
883,1,300,400,84,190,168,274,3,Train/road685.png
884,1,300,400,60,269,167,377,3,Train/road686.png
885,2,300,400,90,251,118,279,3,Train/road687.png
886,2,300,400,92,205,120,233,3,Train/road687.png
887,2,300,400,125,212,158,245,3,Train/road688.png
888,2,300,400,125,161,158,193,3,Train/road688.png
889,2,300,400,119,177,156,212,3,Train/road689.png
890,2,300,400,119,233,155,269,3,Train/road689.png
891,1,400,301,87,63,313,251,2,Train/road69.png
892,2,300,400,99,152,141,192,3,Train/road690.png
893,2,300,400,99,217,139,258,3,Train/road690.png
894,2,300,400,125,194,174,242,3,Train/road691.png
895,2,300,400,126,117,175,166,3,Train/road691.png
896,2,300,400,98,99,166,167,3,Train/road692.png
897,2,300,400,97,206,166,276,3,Train/road692.png
898,2,300,400,55,134,141,221,3,Train/road693.png
899,2,300,400,54,270,140,357,3,Train/road693.png
900,2,300,400,101,128,202,230,3,Train/road694.png
901,2,300,400,98,290,202,395,3,Train/road694.png
902,2,300,400,134,170,156,192,3,Train/road695.png
903,2,300,400,135,205,156,225,3,Train/road695.png
904,2,300,400,139,215,165,242,3,Train/road696.png
905,2,300,400,139,257,164,282,3,Train/road696.png
906,2,300,400,103,166,134,198,3,Train/road697.png
907,2,300,400,102,216,132,247,3,Train/road697.png
908,2,300,400,83,137,122,176,3,Train/road698.png
909,2,300,400,84,199,122,237,3,Train/road698.png
910,2,300,400,131,156,176,203,3,Train/road699.png
911,2,300,400,130,230,175,276,3,Train/road699.png
912,1,320,400,120,145,159,218,4,Train/road7.png
913,1,400,301,148,71,288,173,2,Train/road70.png
914,2,300,400,113,156,172,215,3,Train/road700.png
915,2,300,400,115,248,169,307,3,Train/road700.png
916,2,300,400,235,117,300,190,3,Train/road701.png
917,2,300,400,237,232,300,306,3,Train/road701.png
918,2,300,400,131,165,158,196,3,Train/road702.png
919,2,300,400,131,213,158,243,3,Train/road702.png
920,2,300,400,214,127,249,176,3,Train/road703.png
921,2,300,400,217,202,255,252,3,Train/road703.png
922,2,300,400,140,219,168,247,3,Train/road704.png
923,2,300,400,141,264,169,292,3,Train/road704.png
924,2,300,400,91,156,125,189,3,Train/road705.png
925,2,300,400,91,210,125,241,3,Train/road705.png
926,2,300,400,136,92,177,135,3,Train/road706.png
927,2,300,400,135,159,177,201,3,Train/road706.png
928,2,300,400,103,86,159,145,3,Train/road707.png
929,2,300,400,104,178,161,235,3,Train/road707.png
930,2,300,400,121,139,192,213,3,Train/road708.png
931,2,300,400,122,255,193,329,3,Train/road708.png
932,2,300,400,135,190,158,212,3,Train/road709.png
933,2,300,400,134,226,157,249,3,Train/road709.png
934,1,400,301,58,55,203,203,2,Train/road71.png
935,2,300,400,133,134,164,165,3,Train/road710.png
936,2,300,400,132,184,164,214,3,Train/road710.png
937,2,300,400,80,151,116,185,3,Train/road711.png
938,2,300,400,78,207,115,242,3,Train/road711.png
939,2,300,400,98,140,139,182,3,Train/road712.png
940,2,300,400,97,205,138,246,3,Train/road712.png
941,2,300,400,99,211,150,261,3,Train/road713.png
942,2,300,400,99,134,150,183,3,Train/road713.png
943,2,300,400,66,176,126,236,3,Train/road714.png
944,2,300,400,64,271,125,332,3,Train/road714.png
945,2,300,400,81,130,163,213,3,Train/road715.png
946,2,300,400,85,4,166,85,3,Train/road715.png
947,2,300,400,177,211,195,230,3,Train/road716.png
948,2,300,400,150,210,169,229,3,Train/road716.png
949,2,300,400,90,219,109,240,3,Train/road717.png
950,2,300,400,116,220,136,240,3,Train/road717.png
951,2,300,400,146,192,167,214,3,Train/road718.png
952,2,300,400,177,194,199,216,3,Train/road718.png
953,1,300,400,116,209,141,234,3,Train/road719.png
954,1,400,272,267,169,400,272,2,Train/road72.png
955,1,300,400,99,194,127,222,3,Train/road720.png
956,1,300,400,116,190,149,224,3,Train/road721.png
957,1,300,400,127,207,166,246,3,Train/road722.png
958,1,300,400,115,185,160,230,3,Train/road723.png
959,1,300,400,88,160,143,216,3,Train/road724.png
960,1,300,400,58,196,126,264,3,Train/road725.png
961,1,300,400,137,156,219,238,3,Train/road726.png
962,2,300,400,146,201,167,221,3,Train/road727.png
963,2,300,400,145,166,168,187,3,Train/road727.png
964,2,300,400,100,179,126,204,3,Train/road728.png
965,2,300,400,100,138,127,164,3,Train/road728.png
966,2,300,400,114,159,143,188,3,Train/road729.png
967,2,300,400,114,203,143,232,3,Train/road729.png
968,2,400,269,169,35,348,224,2,Train/road73.png
969,2,400,269,79,81,124,160,4,Train/road73.png
970,2,300,400,139,207,176,242,3,Train/road730.png
971,2,300,400,138,151,174,187,3,Train/road730.png
972,2,300,400,66,155,112,201,3,Train/road731.png
973,2,300,400,68,225,114,272,3,Train/road731.png
974,2,300,400,99,97,159,157,3,Train/road732.png
975,2,300,400,104,189,165,250,3,Train/road732.png
976,2,300,400,113,88,188,161,3,Train/road733.png
977,2,300,400,118,200,192,274,3,Train/road733.png
978,2,300,400,133,142,228,240,3,Train/road734.png
979,2,300,400,144,292,241,389,3,Train/road734.png
980,2,300,400,118,202,137,220,3,Train/road735.png
981,2,300,400,118,232,135,250,3,Train/road735.png
982,2,300,400,113,156,134,178,3,Train/road736.png
983,2,300,400,112,193,133,214,3,Train/road736.png
984,2,300,400,115,151,143,179,3,Train/road737.png
985,2,300,400,114,198,142,225,3,Train/road737.png
986,2,300,400,119,169,155,205,3,Train/road738.png
987,2,300,400,120,110,156,144,3,Train/road738.png
988,2,300,400,106,149,151,194,3,Train/road739.png
989,2,300,400,104,222,149,267,3,Train/road739.png
990,1,400,269,208,20,351,158,2,Train/road74.png
991,2,300,400,114,118,173,176,3,Train/road740.png
992,2,300,400,111,210,170,269,3,Train/road740.png
993,2,300,400,98,202,176,283,3,Train/road741.png
994,2,300,400,99,77,179,156,3,Train/road741.png
995,2,300,400,146,178,168,201,3,Train/road742.png
996,2,300,400,144,214,167,236,3,Train/road742.png
997,2,300,400,67,138,94,164,3,Train/road743.png
998,2,300,400,64,180,91,208,3,Train/road743.png
999,2,300,400,138,170,174,207,3,Train/road744.png
1000,2,300,400,135,227,172,262,3,Train/road744.png
1001,2,300,400,45,201,88,244,3,Train/road745.png
1002,2,300,400,50,133,93,177,3,Train/road745.png
1003,2,300,400,92,153,145,208,3,Train/road746.png
1004,2,300,400,85,237,139,291,3,Train/road746.png
1005,2,300,400,235,99,299,171,3,Train/road747.png
1006,2,300,400,228,214,298,288,3,Train/road747.png
1007,2,300,400,72,210,91,228,3,Train/road748.png
1008,2,300,400,96,209,114,227,3,Train/road748.png
1009,2,300,400,85,156,107,178,3,Train/road749.png
1010,2,300,400,113,156,135,178,3,Train/road749.png
1011,1,400,242,231,65,327,159,2,Train/road75.png
1012,2,300,400,58,136,83,162,3,Train/road750.png
1013,2,300,400,91,136,115,161,3,Train/road750.png
1014,2,300,400,85,154,116,185,3,Train/road751.png
1015,2,300,400,126,154,157,185,3,Train/road751.png
1016,2,300,400,60,132,102,175,3,Train/road752.png
1017,2,300,400,113,130,155,172,3,Train/road752.png
1018,2,300,400,61,137,118,192,3,Train/road753.png
1019,2,300,400,133,136,187,189,3,Train/road753.png
1020,2,300,400,85,100,163,178,3,Train/road754.png
1021,2,300,400,180,99,254,176,3,Train/road754.png
1022,1,300,400,161,193,183,215,3,Train/road755.png
1023,1,300,400,86,223,112,249,3,Train/road756.png
1024,1,300,400,108,152,140,181,3,Train/road757.png
1025,1,300,400,73,168,107,203,3,Train/road758.png
1026,1,300,400,119,165,166,212,3,Train/road759.png
1027,1,400,266,29,91,162,233,2,Train/road76.png
1028,1,300,400,115,109,178,173,3,Train/road760.png
1029,1,300,400,169,151,187,169,3,Train/road761.png
1030,1,300,400,119,198,140,220,3,Train/road762.png
1031,1,300,400,153,218,175,239,3,Train/road763.png
1032,1,300,400,102,177,127,203,3,Train/road764.png
1033,1,300,400,135,173,168,203,3,Train/road765.png
1034,1,300,400,134,188,174,227,3,Train/road766.png
1035,1,300,400,104,153,170,220,3,Train/road767.png
1036,1,300,400,108,194,133,218,3,Train/road768.png
1037,1,300,400,143,175,168,204,3,Train/road769.png
1038,1,400,269,171,14,382,234,2,Train/road77.png
1039,1,300,400,138,164,171,194,3,Train/road770.png
1040,1,300,400,139,155,176,194,3,Train/road771.png
1041,1,300,400,137,185,154,204,3,Train/road772.png
1042,1,300,400,184,188,204,208,3,Train/road773.png
1043,1,300,400,186,162,207,186,3,Train/road774.png
1044,1,300,400,109,130,150,170,3,Train/road775.png
1045,1,300,400,73,191,125,242,3,Train/road776.png
1046,1,300,400,50,141,114,205,3,Train/road777.png
1047,1,300,400,104,133,187,215,3,Train/road778.png
1048,1,300,400,68,142,195,269,3,Train/road779.png
1049,1,400,267,72,38,153,112,2,Train/road78.png
1050,2,300,400,73,190,103,220,3,Train/road780.png
1051,2,300,400,136,226,156,252,1,Train/road780.png
1052,2,300,400,57,190,92,226,3,Train/road781.png
1053,2,300,400,116,240,136,265,1,Train/road781.png
1054,2,300,400,137,183,164,220,1,Train/road782.png
1055,2,300,400,96,108,143,157,3,Train/road782.png
1056,1,300,400,55,112,115,171,3,Train/road783.png
1057,2,300,400,106,106,180,183,3,Train/road784.png
1058,2,300,400,76,251,115,300,1,Train/road784.png
1059,2,300,400,74,65,168,160,3,Train/road785.png
1060,2,300,400,260,312,292,347,1,Train/road785.png
1061,1,300,400,97,155,124,181,3,Train/road786.png
1062,1,300,400,116,170,148,201,3,Train/road787.png
1063,1,300,400,106,147,149,190,3,Train/road788.png
1064,1,300,400,113,169,166,222,3,Train/road789.png
1065,1,400,301,75,21,312,241,2,Train/road79.png
1066,2,300,400,118,210,142,234,3,Train/road790.png
1067,2,300,400,206,269,216,280,3,Train/road790.png
1068,2,300,400,122,199,153,232,3,Train/road791.png
1069,2,300,400,190,276,202,289,3,Train/road791.png
1070,2,300,400,105,219,143,258,3,Train/road792.png
1071,2,300,400,146,315,158,327,3,Train/road792.png
1072,2,300,400,98,192,145,241,3,Train/road793.png
1073,2,300,400,94,312,107,326,3,Train/road793.png
1074,2,300,400,101,213,163,275,3,Train/road794.png
1075,2,300,400,19,370,32,386,3,Train/road794.png
1076,1,300,400,121,207,202,287,3,Train/road795.png
1077,1,300,400,133,170,154,191,3,Train/road796.png
1078,1,300,400,183,161,208,186,3,Train/road797.png
1079,1,300,400,196,144,229,175,3,Train/road798.png
1080,1,300,400,168,187,206,225,3,Train/road799.png
1081,2,400,300,91,72,129,136,4,Train/road8.png
1082,2,400,300,245,104,274,163,4,Train/road8.png
1083,1,400,400,13,18,381,383,2,Train/road80.png
1084,1,300,400,189,184,237,232,3,Train/road800.png
1085,1,300,400,150,131,210,191,3,Train/road801.png
1086,1,300,400,133,204,156,226,3,Train/road802.png
1087,1,300,400,143,219,173,249,3,Train/road803.png
1088,1,300,400,177,178,215,216,3,Train/road804.png
1089,1,300,400,163,141,220,197,3,Train/road805.png
1090,1,300,400,105,99,186,179,3,Train/road806.png
1091,1,300,400,133,200,150,216,3,Train/road807.png
1092,1,300,400,115,199,135,219,3,Train/road808.png
1093,1,300,400,130,195,161,226,3,Train/road809.png
1094,1,300,400,70,41,218,187,2,Train/road81.png
1095,1,300,400,129,175,169,215,3,Train/road810.png
1096,1,300,400,108,180,162,232,3,Train/road811.png
1097,1,300,400,83,170,150,236,3,Train/road812.png
1098,1,300,400,98,173,124,197,3,Train/road813.png
1099,1,300,400,120,159,153,193,3,Train/road814.png
1100,1,300,400,123,152,163,193,3,Train/road815.png
1101,1,300,400,92,180,143,231,3,Train/road816.png
1102,1,300,400,117,166,187,235,3,Train/road817.png
1103,1,300,400,133,164,235,269,3,Train/road818.png
1104,6,300,400,100,155,125,180,2,Train/road819.png
1105,6,300,400,103,192,119,232,4,Train/road819.png
1106,6,300,400,97,206,104,231,4,Train/road819.png
1107,6,300,400,91,168,101,190,4,Train/road819.png
1108,6,300,400,71,218,81,239,4,Train/road819.png
1109,6,300,400,62,223,71,238,4,Train/road819.png
1110,1,267,400,58,55,208,206,2,Train/road82.png
1111,8,300,400,79,224,90,247,4,Train/road820.png
1112,8,300,400,127,223,149,283,4,Train/road820.png
1113,8,300,400,116,243,128,281,4,Train/road820.png
1114,8,300,400,121,171,156,206,2,Train/road820.png
1115,8,300,400,43,289,51,304,4,Train/road820.png
1116,8,300,400,55,281,66,305,4,Train/road820.png
1117,8,300,400,149,223,181,256,1,Train/road820.png
1118,8,300,400,247,280,259,297,1,Train/road820.png
1119,8,300,400,108,106,156,153,2,Train/road821.png
1120,8,300,400,147,174,193,223,1,Train/road821.png
1121,8,300,400,120,176,149,258,4,Train/road821.png
1122,8,300,400,103,205,119,258,4,Train/road821.png
1123,8,300,400,22,215,38,243,4,Train/road821.png
1124,8,300,400,0,281,7,306,4,Train/road821.png
1125,8,300,400,81,266,109,308,4,Train/road821.png
1126,8,300,400,218,273,232,293,1,Train/road821.png
1127,6,300,400,35,308,58,352,4,Train/road822.png
1128,6,300,400,96,206,122,278,4,Train/road822.png
1129,6,300,400,124,167,163,277,4,Train/road822.png
1130,6,300,400,156,166,214,231,1,Train/road822.png
1131,6,300,400,106,77,168,140,2,Train/road822.png
1132,6,300,400,183,317,201,340,1,Train/road822.png
1133,4,300,400,108,49,192,135,2,Train/road823.png
1134,4,300,400,189,174,259,265,1,Train/road823.png
1135,4,300,400,139,168,197,323,4,Train/road823.png
1136,4,300,400,96,227,134,333,4,Train/road823.png
1137,4,300,400,102,14,203,122,2,Train/road824.png
1138,4,300,400,209,170,286,282,1,Train/road824.png
1139,4,300,400,146,153,222,349,4,Train/road824.png
1140,4,300,400,86,233,135,368,4,Train/road824.png
1141,6,300,400,5,335,24,363,4,Train/road825.png
1142,6,300,400,146,169,183,264,4,Train/road825.png
1143,6,300,400,117,209,141,272,4,Train/road825.png
1144,6,300,400,127,104,175,155,2,Train/road825.png
1145,6,300,400,178,178,214,232,1,Train/road825.png
1146,6,300,400,90,340,100,354,1,Train/road825.png
1147,8,300,400,172,164,188,189,1,Train/road826.png
1148,8,300,400,157,157,174,201,4,Train/road826.png
1149,8,300,400,144,176,155,204,4,Train/road826.png
1150,8,300,400,87,231,98,247,4,Train/road826.png
1151,8,300,400,59,238,63,245,4,Train/road826.png
1152,8,300,400,69,219,73,227,4,Train/road826.png
1153,8,300,400,219,231,228,240,1,Train/road826.png
1154,8,300,400,127,236,132,242,1,Train/road826.png
1155,1,300,400,120,111,178,170,3,Train/road827.png
1156,1,300,400,114,117,179,182,3,Train/road828.png
1157,1,300,400,94,141,167,212,3,Train/road829.png
1158,1,267,400,181,171,231,218,2,Train/road83.png
1159,1,300,400,81,104,165,185,3,Train/road830.png
1160,1,300,400,69,108,169,204,3,Train/road831.png
1161,1,300,400,74,42,196,161,3,Train/road832.png
1162,1,300,400,120,152,146,177,3,Train/road833.png
1163,1,300,400,121,144,156,179,3,Train/road834.png
1164,1,300,400,121,126,163,168,3,Train/road835.png
1165,1,300,400,145,125,206,185,3,Train/road836.png
1166,1,300,400,185,37,270,121,3,Train/road837.png
1167,2,300,400,105,161,129,184,3,Train/road838.png
1168,2,300,400,120,244,145,272,1,Train/road838.png
1169,2,300,400,115,127,145,155,3,Train/road839.png
1170,2,300,400,137,237,166,267,1,Train/road839.png
1171,1,268,400,98,85,171,152,2,Train/road84.png
1172,2,300,400,120,99,156,134,3,Train/road840.png
1173,2,300,400,144,232,181,270,1,Train/road840.png
1174,2,300,400,107,144,148,185,3,Train/road841.png
1175,2,300,400,135,298,178,342,1,Train/road841.png
1176,2,300,400,74,153,125,203,3,Train/road842.png
1177,2,300,400,107,344,159,399,1,Train/road842.png
1178,2,300,400,78,128,141,190,3,Train/road843.png
1179,2,300,400,121,373,187,400,1,Train/road843.png
1180,1,300,400,109,87,189,166,3,Train/road844.png
1181,3,300,400,157,190,179,212,3,Train/road845.png
1182,3,300,400,267,235,292,261,1,Train/road845.png
1183,3,300,400,252,238,269,284,4,Train/road845.png
1184,3,300,400,208,224,228,278,4,Train/road846.png
1185,3,300,400,226,220,257,253,1,Train/road846.png
1186,3,300,400,86,169,112,195,3,Train/road846.png
1187,2,300,400,103,159,133,187,3,Train/road847.png
1188,2,300,400,271,217,295,284,4,Train/road847.png
1189,1,300,400,172,98,209,136,3,Train/road848.png
1190,1,300,400,115,131,130,148,3,Train/road849.png
1191,1,300,400,80,145,230,292,2,Train/road85.png
1192,1,300,400,79,123,97,141,3,Train/road850.png
1193,1,300,400,113,118,134,139,3,Train/road851.png
1194,1,300,400,126,147,150,170,3,Train/road852.png
1195,1,300,400,103,133,131,160,3,Train/road853.png
1196,1,300,400,117,130,150,162,3,Train/road854.png
1197,1,300,400,94,86,134,125,3,Train/road855.png
1198,1,300,400,129,71,173,115,3,Train/road856.png
1199,1,300,400,113,119,175,181,3,Train/road857.png
1200,1,300,400,119,144,140,164,3,Train/road858.png
1201,1,300,400,128,151,153,176,3,Train/road859.png
1202,1,400,267,143,80,254,190,2,Train/road86.png
1203,1,300,400,47,138,82,172,3,Train/road860.png
1204,1,300,400,123,100,171,148,3,Train/road861.png
1205,1,300,400,214,29,287,101,3,Train/road862.png
1206,2,300,400,128,157,152,182,3,Train/road863.png
1207,2,300,400,88,253,97,262,1,Train/road863.png
1208,2,300,400,44,249,52,256,1,Train/road864.png
1209,2,300,400,123,123,154,154,3,Train/road864.png
1210,2,300,400,156,85,191,120,3,Train/road865.png
1211,2,300,400,39,235,47,243,1,Train/road865.png
1212,1,300,400,56,150,103,195,3,Train/road866.png
1213,1,300,400,73,125,124,176,3,Train/road867.png
1214,1,300,400,92,109,158,176,3,Train/road868.png
1215,1,300,400,83,124,168,208,3,Train/road869.png
1216,1,400,267,139,74,257,191,2,Train/road87.png
1217,1,300,400,173,51,276,153,3,Train/road870.png
1218,1,300,400,123,194,150,221,3,Train/road871.png
1219,2,300,400,84,203,117,236,3,Train/road872.png
1220,2,300,400,222,262,233,276,2,Train/road872.png
1221,3,300,400,113,218,122,231,3,Train/road873.png
1222,3,300,400,85,164,121,201,3,Train/road873.png
1223,3,300,400,210,238,222,251,2,Train/road873.png
1224,3,300,400,93,129,136,174,3,Train/road874.png
1225,3,300,400,84,205,96,217,3,Train/road874.png
1226,3,300,400,192,224,205,239,2,Train/road874.png
1227,3,300,400,50,248,61,261,3,Train/road875.png
1228,3,300,400,105,141,160,194,3,Train/road875.png
1229,3,300,400,164,267,178,284,2,Train/road875.png
1230,1,300,400,83,297,97,314,2,Train/road876.png
1231,1,267,400,109,146,183,223,2,Train/road88.png
1232,1,400,267,249,36,301,91,2,Train/road89.png
1233,1,300,400,81,119,158,336,4,Train/road9.png
1234,1,400,267,172,94,249,174,2,Train/road90.png
1235,1,400,400,155,243,247,358,2,Train/road91.png
1236,1,400,267,126,36,268,212,2,Train/road92.png
1237,1,400,273,179,24,354,196,2,Train/road93.png
1238,1,400,301,97,64,318,242,2,Train/road94.png
1239,1,300,400,90,101,268,257,2,Train/road95.png
1240,1,400,267,209,58,326,179,2,Train/road96.png
1241,1,400,267,42,66,130,154,2,Train/road97.png
1242,1,400,267,138,17,376,245,2,Train/road98.png
1243,1,267,400,41,35,222,214,2,Train/road99.png
